INSERT INTO public.module (id, sort, icon, label, name) VALUES ('747fbf5f-0840-47db-9dc9-46c88d08378f', 1, null, 'Administratif', 'admin');
INSERT INTO public.module (id, sort, icon, label, name) VALUES ('0e172969-1841-48f1-a353-d27ccd4642c6', 2, null, 'Medical', 'medical');


INSERT INTO public.field (id, category, key, parameters) VALUES ('2b14de79-1cf5-49db-89fa-7d2433e7ec44', 'select', 'select_genre_genre', '{"key": "genre", "data": {"values": [{"label": "Masculin", "value": "masculin", "shortcut": null}, {"label": "Feminin", "value": "feminin", "shortcut": null}]}, "mask": false, "sort": "", "type": "select", "input": true, "label": "Genre", "reorder": false, "validate": {"json": "", "customMessage": ""}, "encrypted": false, "tableView": true, "conditional": {"json": "", "show": null, "when": ""}, "defaultValue": "", "alwaysEnabled": false, "customConditional": ""}');
INSERT INTO public.field (id, category, key, parameters) VALUES ('23c0d733-2aff-4f6c-8401-4118f3fed554', 'textfield', 'textfield_nom_de_naissance_nomdenaissance', '{"key": "nomDeNaissance", "type": "textfield", "input": true, "label": "Nom de naissance", "widget": {"mode": null, "type": "", "format": null, "maxDate": null, "minDate": null, "language": null, "time_24hr": null, "allowInput": null, "enableTime": null, "noCalendar": null, "defaultDate": null, "hourIncrement": null, "minuteIncrement": null, "displayInTimezone": null, "useLocaleSettings": null}, "reorder": false, "validate": {"json": "", "customMessage": ""}, "encrypted": false, "tableView": true, "conditional": {"json": "", "show": null, "when": ""}, "inputFormat": "plain", "defaultValue": "", "alwaysEnabled": false, "showCharCount": false, "showWordCount": false, "customConditional": "", "allowMultipleMasks": false}');
INSERT INTO public.field (id, category, key, parameters) VALUES ('31f5ea99-c481-400c-939d-afcc01d177b7', 'textfield', 'textfield_nom_d''usage_nomdusage', '{"key": "nomDusage", "type": "textfield", "input": true, "label": "Nom d''usage", "widget": {"mode": null, "type": "", "format": null, "maxDate": null, "minDate": null, "language": null, "time_24hr": null, "allowInput": null, "enableTime": null, "noCalendar": null, "defaultDate": null, "hourIncrement": null, "minuteIncrement": null, "displayInTimezone": null, "useLocaleSettings": null}, "reorder": false, "validate": {"json": "", "customMessage": ""}, "encrypted": false, "tableView": true, "conditional": {"json": "", "show": null, "when": ""}, "inputFormat": "plain", "defaultValue": "", "alwaysEnabled": false, "showCharCount": false, "showWordCount": false, "customConditional": "", "allowMultipleMasks": false}');
INSERT INTO public.field (id, category, key, parameters) VALUES ('5392411b-22f7-4842-a9ae-e7d14aa267cb', 'textfield', 'textfield_prenom_prenom', '{"key": "prenom", "type": "textfield", "input": true, "label": "Prénom", "widget": {"mode": null, "type": "", "format": null, "maxDate": null, "minDate": null, "language": null, "time_24hr": null, "allowInput": null, "enableTime": null, "noCalendar": null, "defaultDate": null, "hourIncrement": null, "minuteIncrement": null, "displayInTimezone": null, "useLocaleSettings": null}, "reorder": false, "validate": {"json": "", "customMessage": ""}, "encrypted": false, "tableView": true, "conditional": {"json": "", "show": null, "when": ""}, "inputFormat": "plain", "defaultValue": "", "alwaysEnabled": false, "showCharCount": false, "showWordCount": false, "customConditional": "", "allowMultipleMasks": false}');
INSERT INTO public.field (id, category, key, parameters) VALUES ('c50f7cb2-3938-4312-ad8e-7d511d6fda52', 'select', 'select_genre_genre2', '{"key": "genre2", "data": {"values": [{"label": "Masculin", "value": "masculin", "shortcut": null}, {"label": "Feminin", "value": "feminin", "shortcut": null}]}, "mask": false, "sort": "", "type": "select", "input": true, "label": "Genre", "reorder": false, "validate": {"json": "", "customMessage": ""}, "encrypted": false, "tableView": true, "conditional": {"json": "", "show": null, "when": ""}, "defaultValue": "", "alwaysEnabled": false, "customConditional": ""}');
INSERT INTO public.field (id, category, key, parameters) VALUES ('40517fe7-9b29-4f61-b8f7-23172ee13eec', 'textfield', 'textfield_nom_de_naissance_nomdenaissance2', '{"key": "nomDeNaissance2", "type": "textfield", "input": true, "label": "Nom de naissance", "widget": {"mode": null, "type": "", "format": null, "maxDate": null, "minDate": null, "language": null, "time_24hr": null, "allowInput": null, "enableTime": null, "noCalendar": null, "defaultDate": null, "hourIncrement": null, "minuteIncrement": null, "displayInTimezone": null, "useLocaleSettings": null}, "reorder": false, "validate": {"json": "", "customMessage": ""}, "encrypted": false, "tableView": true, "conditional": {"json": "", "show": null, "when": ""}, "inputFormat": "plain", "defaultValue": "", "alwaysEnabled": false, "showCharCount": false, "showWordCount": false, "customConditional": "", "allowMultipleMasks": false}');
INSERT INTO public.field (id, category, key, parameters) VALUES ('00366273-db80-4278-b083-1bf8e979d2ff', 'textfield', 'textfield_nom_d''usage_nomdusage2', '{"key": "nomDusage2", "type": "textfield", "input": true, "label": "Nom d''usage", "widget": {"mode": null, "type": "", "format": null, "maxDate": null, "minDate": null, "language": null, "time_24hr": null, "allowInput": null, "enableTime": null, "noCalendar": null, "defaultDate": null, "hourIncrement": null, "minuteIncrement": null, "displayInTimezone": null, "useLocaleSettings": null}, "reorder": false, "validate": {"json": "", "customMessage": ""}, "encrypted": false, "tableView": true, "conditional": {"json": "", "show": null, "when": ""}, "inputFormat": "plain", "defaultValue": "", "alwaysEnabled": false, "showCharCount": false, "showWordCount": false, "customConditional": "", "allowMultipleMasks": false}');
INSERT INTO public.field (id, category, key, parameters) VALUES ('7349b6eb-1601-4145-805f-c921d91e477e', 'textfield', 'textfield_prenom_prenom2', '{"key": "prenom2", "type": "textfield", "input": true, "label": "Prénom", "widget": {"mode": null, "type": "", "format": null, "maxDate": null, "minDate": null, "language": null, "time_24hr": null, "allowInput": null, "enableTime": null, "noCalendar": null, "defaultDate": null, "hourIncrement": null, "minuteIncrement": null, "displayInTimezone": null, "useLocaleSettings": null}, "reorder": false, "validate": {"json": "", "customMessage": ""}, "encrypted": false, "tableView": true, "conditional": {"json": "", "show": null, "when": ""}, "inputFormat": "plain", "defaultValue": "", "alwaysEnabled": false, "showCharCount": false, "showWordCount": false, "customConditional": "", "allowMultipleMasks": false}');
INSERT INTO public.field (id, category, key, parameters) VALUES ('2500596b-be40-40d3-8567-f58cde4cd7b1', 'datetime', 'datetime_date_de_naissance_datedenaissance', '{"key": "dateDeNaissance", "mask": false, "type": "datetime", "input": true, "label": "Date de naissance", "format": "dd/MM/yyyy", "suffix": true, "widget": {"mode": "single", "type": "calendar", "format": "dd/MM/yyyy", "maxDate": "", "minDate": "", "language": "en", "time_24hr": false, "allowInput": true, "enableTime": false, "noCalendar": false, "defaultDate": "", "hourIncrement": 1, "minuteIncrement": 1, "displayInTimezone": "viewer", "useLocaleSettings": false}, "reorder": false, "validate": {"json": "", "customMessage": ""}, "encrypted": false, "tableView": true, "datePicker": {"maxDate": "", "minDate": ""}, "conditional": {"json": "", "show": null, "when": ""}, "defaultValue": "", "alwaysEnabled": false, "customConditional": ""}');
INSERT INTO public.field (id, category, key, parameters) VALUES ('9d792e1d-e4f3-43b2-a179-093e56554931', 'address', 'address_lieu_de_naissance_lieudenaissance', '{"key": "lieuDeNaissance", "map": {"key": ""}, "type": "address", "input": true, "label": "Lieu de naissance", "reorder": false, "validate": {"json": "", "customMessage": ""}, "encrypted": false, "tableView": true, "conditional": {"json": "", "show": null, "when": ""}, "defaultValue": "", "alwaysEnabled": false, "customConditional": ""}');
INSERT INTO public.field (id, category, key, parameters) VALUES ('f8453ec0-0982-4372-9c70-5f3fc8b2d9fe', 'button', 'button_submit_submit', '{"key": "submit", "type": "button", "input": true, "label": "Submit", "theme": "primary", "validate": {"json": null, "customMessage": null}, "refreshOn": "", "tableView": true, "conditional": {"json": null, "show": null, "when": null}, "disableOnInvalid": true}');
INSERT INTO public.field (id, category, key, parameters) VALUES ('2979e32a-bcf0-4b85-a0f4-95e2f8b0718b', 'datetime', 'datetime_date_de_deces_datededeces', '{"key": "dateDeDeces", "mask": false, "type": "datetime", "input": true, "label": "Date de décès", "format": "dd/MM/yyyy", "suffix": true, "widget": {"mode": "single", "type": "calendar", "format": "dd/MM/yyyy", "maxDate": null, "minDate": null, "language": "en", "time_24hr": false, "allowInput": true, "enableTime": false, "noCalendar": false, "defaultDate": "", "hourIncrement": 1, "minuteIncrement": 1, "displayInTimezone": "viewer", "useLocaleSettings": false}, "reorder": false, "validate": {"json": "", "customMessage": ""}, "encrypted": false, "tableView": true, "datePicker": {"maxDate": "", "minDate": ""}, "conditional": {"json": "", "show": null, "when": ""}, "defaultValue": "", "alwaysEnabled": false, "customConditional": ""}');
INSERT INTO public.field (id, category, key, parameters) VALUES ('e6ee516d-b2fb-42f4-b94b-e09da6613eee', 'address', 'address_adresse_principale_adresseprincipale', '{"key": "adressePrincipale", "map": {"key": ""}, "type": "address", "input": true, "label": "Adresse principale", "reorder": false, "validate": {"json": "", "customMessage": ""}, "encrypted": false, "tableView": true, "conditional": {"json": "", "show": null, "when": ""}, "defaultValue": "", "alwaysEnabled": false, "customConditional": ""}');
INSERT INTO public.field (id, category, key, parameters) VALUES ('6e7fd633-e7f2-4c32-a29c-bf9481665f20', 'phoneNumber', 'phonenumber__telephone_domicile_telephonedomicile', '{"key": "telephoneDomicile", "mask": false, "type": "phoneNumber", "input": true, "label": " Téléphone domicile", "widget": {"mode": null, "type": null, "format": "yyyy-MM-dd hh:mm a", "maxDate": null, "minDate": null, "language": null, "time_24hr": null, "allowInput": null, "enableTime": null, "noCalendar": null, "defaultDate": null, "hourIncrement": null, "minuteIncrement": null, "displayInTimezone": null, "useLocaleSettings": null}, "reorder": false, "validate": {"json": "", "customMessage": ""}, "encrypted": false, "inputMask": "99 99 99 99 99", "refreshOn": "", "tableView": true, "conditional": {"json": "", "show": null, "when": ""}, "inputFormat": "plain", "defaultValue": "", "alwaysEnabled": false, "showCharCount": false, "showWordCount": false, "customConditional": "", "allowMultipleMasks": false}');
INSERT INTO public.field (id, category, key, parameters) VALUES ('318a99cf-45e9-4b45-99e1-aeb65da73bb3', 'phoneNumber', 'phonenumber_telephone_mobile_telephonemobile', '{"key": "telephoneMobile", "mask": false, "type": "phoneNumber", "input": true, "label": "Téléphone mobile", "widget": {"mode": null, "type": null, "format": "yyyy-MM-dd hh:mm a", "maxDate": null, "minDate": null, "language": null, "time_24hr": null, "allowInput": null, "enableTime": null, "noCalendar": null, "defaultDate": null, "hourIncrement": null, "minuteIncrement": null, "displayInTimezone": null, "useLocaleSettings": null}, "reorder": false, "validate": {"json": "", "customMessage": ""}, "encrypted": false, "inputMask": "99 99 99 99 99", "refreshOn": "", "tableView": true, "conditional": {"json": "", "show": null, "when": ""}, "inputFormat": "plain", "defaultValue": "", "alwaysEnabled": false, "showCharCount": false, "showWordCount": false, "customConditional": "", "allowMultipleMasks": false}');
INSERT INTO public.field (id, category, key, parameters) VALUES ('ed620c9d-729c-4c85-b782-c0f8996d9d1c', 'email', 'email_email_principal_emailprincipal', '{"key": "emailPrincipal", "mask": false, "type": "email", "input": true, "label": "Email principal", "widget": {"mode": null, "type": null, "format": "yyyy-MM-dd hh:mm a", "maxDate": null, "minDate": null, "language": null, "time_24hr": null, "allowInput": null, "enableTime": null, "noCalendar": null, "defaultDate": null, "hourIncrement": null, "minuteIncrement": null, "displayInTimezone": null, "useLocaleSettings": null}, "reorder": false, "validate": {"json": "", "customMessage": ""}, "encrypted": false, "inputMask": "", "refreshOn": "", "tableView": true, "conditional": {"json": "", "show": null, "when": ""}, "defaultValue": "", "alwaysEnabled": false, "customConditional": ""}');


INSERT INTO public.page (id, display, icon, name, schema, sort, sub_title, title, module_id) VALUES ('528886af-18ca-4313-9c47-6f2fc55b181b', null, null, 'activity', '{"display": null, "components": []}', 5, null, 'Activités', '747fbf5f-0840-47db-9dc9-46c88d08378f');
INSERT INTO public.page (id, display, icon, name, schema, sort, sub_title, title, module_id) VALUES ('d1e056c5-c472-45c6-9dd8-7bfb288ee119', null, null, 'divers', '{"display": null, "components": []}', 6, null, 'Divers', '747fbf5f-0840-47db-9dc9-46c88d08378f');
INSERT INTO public.page (id, display, icon, name, schema, sort, sub_title, title, module_id) VALUES ('9337c8ae-6188-426e-8943-7a026538439e', null, null, 'numAdmin', '{"display": null, "components": []}', 7, null, 'Numéros administratifs', '747fbf5f-0840-47db-9dc9-46c88d08378f');
INSERT INTO public.page (id, display, icon, name, schema, sort, sub_title, title, module_id) VALUES ('f32e3f34-092a-4742-9579-05791b59b240', null, null, 'adressPro', '{"display": null, "components": []}', 8, null, 'Adresse professionnelle', '747fbf5f-0840-47db-9dc9-46c88d08378f');
INSERT INTO public.page (id, display, icon, name, schema, sort, sub_title, title, module_id) VALUES ('1a35bc70-3a02-4b95-a93d-02aa61607234', null, null, 'catMarqueursAdminDossiers', '{"display": null, "components": []}', 9, null, 'Marqueurs', '747fbf5f-0840-47db-9dc9-46c88d08378f');
INSERT INTO public.page (id, display, icon, name, schema, sort, sub_title, title, module_id) VALUES ('ac85201a-0537-4dd1-acd7-e33e2b254dce', null, null, 'grossesse', '{"display": null, "components": []}', 10, null, 'Grossesse', '0e172969-1841-48f1-a353-d27ccd4642c6');
INSERT INTO public.page (id, display, icon, name, schema, sort, sub_title, title, module_id) VALUES ('4088e10d-6dd7-4a10-9774-c90275c0ec8d', null, null, 'catDataTransversesFormCs', '{"display": null, "components": []}', 11, null, 'Données transverses', '0e172969-1841-48f1-a353-d27ccd4642c6');
INSERT INTO public.page (id, display, icon, name, schema, sort, sub_title, title, module_id) VALUES ('0d3e6b3f-20ed-4b0d-8c82-77306d7094c6', null, null, 'dataCliniques', '{"display": null, "components": []}', 12, null, 'Données cliniques', '0e172969-1841-48f1-a353-d27ccd4642c6');
INSERT INTO public.page (id, display, icon, name, schema, sort, sub_title, title, module_id) VALUES ('bbda452e-1d70-43a5-ac81-59563c3356a4', null, null, 'atcd', '{"display": null, "components": []}', 13, null, 'Antécédents et synthèses', '0e172969-1841-48f1-a353-d27ccd4642c6');
INSERT INTO public.page (id, display, icon, name, schema, sort, sub_title, title, module_id) VALUES ('35619d34-1bf2-450e-baf4-e36bdb60347a', null, null, 'dataBio', '{"display": null, "components": []}', 14, null, 'Données biologiques', '0e172969-1841-48f1-a353-d27ccd4642c6');
INSERT INTO public.page (id, display, icon, name, schema, sort, sub_title, title, module_id) VALUES ('05a72605-876f-48d5-8390-af3a2954d63c', null, null, 'dataCsBase', '{"display": null, "components": []}', 15, null, 'Données formulaire Cs', '0e172969-1841-48f1-a353-d27ccd4642c6');
INSERT INTO public.page (id, display, icon, name, schema, sort, sub_title, title, module_id) VALUES ('888c67cb-dff3-430d-b55a-5befea02ef81', null, null, 'aldCat', '{"display": null, "components": []}', 16, null, 'ALD', '0e172969-1841-48f1-a353-d27ccd4642c6');
INSERT INTO public.page (id, display, icon, name, schema, sort, sub_title, title, module_id) VALUES ('4bd6b18b-ee2f-4924-9c2b-a72efc13c956', null, null, 'catAtcdStruc', '{"display": null, "components": []}', 17, null, 'ATCD structurés', '0e172969-1841-48f1-a353-d27ccd4642c6');
INSERT INTO public.page (id, display, icon, name, schema, sort, sub_title, title, module_id) VALUES ('1e2f6224-6e40-4fc5-ad34-bbd64a2ca945', null, null, 'contact', '{"display": null, "components": [{"key": "panel", "mask": false, "type": "panel", "input": false, "label": "Panel", "theme": "primary", "title": "Téléphone", "reorder": false, "validate": {"json": null, "customMessage": null}, "refreshOn": "", "tableView": false, "components": [{"internalKey": "phonenumber__telephone_domicile_telephonedomicile"}, {"internalKey": "phonenumber_telephone_mobile_telephonemobile"}], "conditional": {"json": "", "show": null, "when": ""}, "alwaysEnabled": false, "customConditional": ""}, {"key": "panel", "mask": false, "type": "panel", "input": false, "label": "Panel", "theme": "primary", "title": "Email", "reorder": false, "validate": {"json": null, "customMessage": null}, "refreshOn": "", "tableView": false, "components": [{"internalKey": "email_email_principal_emailprincipal"}], "conditional": {"json": "", "show": null, "when": ""}, "alwaysEnabled": false, "customConditional": ""}, {"internalKey": "button_submit_submit"}]}', 4, null, 'Contact', '747fbf5f-0840-47db-9dc9-46c88d08378f');
INSERT INTO public.page (id, display, icon, name, schema, sort, sub_title, title, module_id) VALUES ('76263802-d131-480d-8770-ae81045224b9', null, null, 'addressPerso', '{"display": null, "components": [{"internalKey": "address_adresse_principale_adresseprincipale"}, {"internalKey": "button_submit_submit"}]}', 2, null, 'Adresse personnelle', '747fbf5f-0840-47db-9dc9-46c88d08378f');
INSERT INTO public.page (id, display, icon, name, schema, sort, sub_title, title, module_id) VALUES ('bdee8afd-bac0-4a32-8217-27e710c055c2', null, null, 'identity', '{"display": null, "components": [{"key": "panel", "mask": false, "type": "panel", "input": false, "label": "Panel", "theme": "primary", "title": "Identité", "reorder": false, "tableView": false, "components": [{"internalKey": "select_genre_genre2"}, {"internalKey": "textfield_nom_de_naissance_nomdenaissance2"}, {"internalKey": "textfield_nom_d''usage_nomdusage2"}, {"internalKey": "textfield_prenom_prenom2"}], "conditional": {"json": "", "show": null, "when": ""}, "alwaysEnabled": false, "customConditional": ""}, {"key": "panel", "mask": false, "type": "panel", "input": false, "label": "Panel", "theme": "primary", "title": "Naissance", "reorder": false, "tableView": false, "components": [{"internalKey": "datetime_date_de_naissance_datedenaissance"}, {"internalKey": "address_lieu_de_naissance_lieudenaissance"}], "conditional": {"json": "", "show": null, "when": ""}, "alwaysEnabled": false, "customConditional": ""}, {"key": "panel", "mask": false, "type": "panel", "input": false, "label": "Panel", "theme": "warning", "title": "Décès", "reorder": false, "tableView": false, "components": [{"internalKey": "datetime_date_de_deces_datededeces"}], "conditional": {"json": "", "show": null, "when": ""}, "alwaysEnabled": false, "customConditional": ""}, {"internalKey": "button_submit_submit"}]}', 1, null, 'Etat civil', '747fbf5f-0840-47db-9dc9-46c88d08378f');
